asm_path;asm_name;n_macro;n_update;n_forall;n_branch;n_rule;approach;status;exec_time_ms;n_scenarios;n_step;n_set;n_check;macro_coverage;update_rule_coverage;forall_rule_coverage;branch_coverage;rule_coverage;n_failing_scenarios;n_val_error_scenarios;casemutator_score;chooserulemutator_score;condnegator_score;condremover_score;forallmutator_score;partoseqmutator_score;seqtoparmutator_score;ruleremover_score
../../../asm_examples/stereoacuity/certifierRaff2.asm;certifierRaff2;14;18;0;10;50;evoavalla;OK;68215.0;5;17;6;134;1.0;0.7777778;NaN;1.0;1.0;0;0;NaN;NaN;1.0;1.0;NaN;0.0;NaN;0.9183673
../../../asm_examples/examples/traffic_light/oneWayTrafficLightUsingEnum.asm;oneWayTrafficLightUsingEnum;5;12;0;8;29;evoavalla;OK;67108.0;2;5;4;35;1.0;1.0;NaN;0.8125;1.0;0;0;NaN;NaN;1.0;625;NaN;0.0;NaN;1.0
../../../asm_examples/stereoacuity/certifierRaff3.asm;certifierRaff3;14;20;0;11;53;evoavalla;OK;68085.0;4;17;5;149;1.0;0.75;NaN;1.0;1.0;0;0;NaN;NaN;1.0;1.0;NaN;0.0;NaN;0.90384614
../../../asm_examples/PHD/phd_master_flat2_v3.asm;phd_master_flat2_v3;66;148;0;69;348;evoavalla;OK;88477.0;49;105;102;567;1.0;0.6013514;NaN;0.884058;0.87931037;0;0;NaN;NaN;0.9710145;0.942029;NaN;0.015151516;NaN;0.72988504
../../../asm_examples/PillBox/Level0/pillbox_0.asm;pillbox_0;9;18;0;15;53;evoavalla;OK;67007.0;5;15;15;80;1.0;1.0;NaN;0.93333334;1.0;0;0;NaN;NaN;0.93333334;0.8947368;NaN;125;NaN;0.9230769
../../../asm_examples/PHD/phd_master_flat2_v7.asm;phd_master_flat2_v7;7;184;0;18;307;evoavalla;OK;81261.0;59;174;132;407;1.0;0.48369566;NaN;0.9166667;0.71335506;0;0;0.4883721;NaN;0.9444444;0.9;NaN;0.01010101;NaN;0.60923076
../../../asm_examples/stereoacuity/certifier_nochoose.asm;certifier_nochoose;16;24;0;15;66;evoavalla;OK;68864.0;8;32;11;278;1.0;875;NaN;1.0;1.0;0;0;NaN;NaN;1.0;0.96666664;NaN;125;NaN;0.95384616
../../../asm_examples/examples/carController.asm;carController;1;5;0;2;7;evoavalla;OK;65977.0;1;1;1;2;1.0;0.0;NaN;0.25;0.2857143;0;2;0.0;NaN;0.5;0.25;NaN;NaN;NaN;0.0
../../../asm_examples/examples/TrafficLightYakindu/TrafficLight0/TrafficLight_0.asm;TrafficLight_0;7;10;0;7;33;evoavalla;OK;66837.0;3;6;5;45;1.0;1.0;NaN;0.9285714;1.0;0;0;NaN;NaN;1.0;0.42857143;NaN;0.0;NaN;1.0
../../../asm_examples/examples/TrafficLightYakindu/TrafficLight1/TrafficLight_1.asm;TrafficLight_1;11;17;0;15;56;evoavalla;OK;68150.0;4;11;10;90;1.0;0.9411765;NaN;0.8333333;1.0;0;0;NaN;NaN;1.0;375;NaN;0.07692308;NaN;0.98214287
../../../asm_examples/examples/landingGearSystem/LGS_GM_withError.asm;LGS_GM_withError;4;15;0;3;22;evoavalla;OK;67083.0;6;30;12;72;1.0;1.0;NaN;1.0;1.0;0;0;1.0;NaN;1.0;1.0;NaN;NaN;NaN;1.0
../../../asm_examples/examples/hemodialysisDevice/SCP2017/HemodialysisGround.asm;HemodialysisGround;5;2;0;3;11;evoavalla;OK;65507.0;1;3;0;4;1.0;1.0;NaN;1.0;1.0;0;0;NaN;NaN;0.6666667;0.6666667;NaN;1.0;NaN;0.8
../../../asm_examples/PHD/phd_master_flat2_v0.asm;phd_master_flat2_v0;27;52;0;26;131;evoavalla;OK;70693.0;24;52;51;128;1.0;0.78846157;NaN;1.0;1.0;0;0;NaN;NaN;1.0;1.0;NaN;0.037037037;NaN;0.9160305
../../../asm_examples/examples/simple_example/AdvancedClockDeciSecond.asm;AdvancedClockDeciSecond;2;4;0;3;11;evoavalla;OK;66283.0;1;10;0;0;0.5;0.5;NaN;0.5;0.54545456;0;0;NaN;NaN;0.0;0.0;NaN;0.0;NaN;0.0
../../../asm_examples/examples/landingGearSystem/LGS_EV_v2.asm;LGS_EV_v2;4;38;0;3;60;evoavalla;OK;67912.0;7;33;14;280;1.0;1.0;NaN;1.0;1.0;0;0;1.0;NaN;1.0;1.0;NaN;0.0;NaN;1.0
../../../asm_examples/examples/landingGearSystem/LGS_SE.asm;LGS_SE;4;38;0;9;66;evoavalla;OK;68931.0;7;33;29;280;1.0;1.0;NaN;0.6666667;1.0;0;0;1.0;NaN;1.0;0.5;NaN;0.0;NaN;1.0
../../../asm_examples/PHD/phd_master_flat2_v2.asm;phd_master_flat2_v2;64;144;0;67;338;evoavalla;OK;88748.0;49;110;107;587;1.0;0.6319444;NaN;0.8955224;0.8964497;0;0;NaN;NaN;0.9701493;0.9402985;NaN;0.015625;NaN;0.74852073
../../../asm_examples/examples/simple_example/AdvancedClock2.asm;AdvancedClock2;2;3;0;3;9;evoavalla;OK;66204.0;2;10;1;0;1.0;1.0;NaN;1.0;1.0;0;0;NaN;NaN;0.0;0.0;NaN;0.0;NaN;0.0
../../../asm_examples/stereoacuity/certifierRaff1.asm;certifierRaff1;13;15;0;9;43;evoavalla;OK;67809.0;5;15;6;102;1.0;0.8;NaN;1.0;1.0;0;0;NaN;NaN;1.0;1.0;NaN;0.0;NaN;0.9302326
../../../asm_examples/examples/TrafficLightYakindu/TrafficLight3/TrafficLight_3.asm;TrafficLight_3;14;35;0;23;88;evoavalla;OK;69272.0;4;14;12;108;1.0;0.9714286;NaN;0.7826087;1.0;0;0;NaN;NaN;1.0;0.29166666;NaN;0.0625;NaN;0.9886364
../../../asm_examples/examples/TrafficLightYakindu/TrafficLight_NOREF/TrafficLight_4.asm;TrafficLight_4;10;25;0;18;80;evoavalla;OK;67522.0;1;1;0;12;0.8;0.36;NaN;0.44444445;0.5625;3;0;NaN;NaN;0.2777778;0.2777778;NaN;0.0;NaN;0.0
../../../asm_examples/examples/traffic_light/oneWayTrafficLightOnlyPassedFlat.asm;oneWayTrafficLightOnlyPassedFlat;5;12;0;5;26;evoavalla;OK;66162.0;1;4;1;25;1.0;1.0;NaN;0.9;1.0;0;1;NaN;NaN;1.0;0.8;NaN;0.2;NaN;1.0
../../../asm_examples/stereoacuity/certifier_nochoose_noundef.asm;certifier_nochoose_noundef;17;28;0;17;74;evoavalla;OK;69322.0;11;35;10;324;1.0;0.89285713;NaN;0.9411765;1.0;0;0;1.0;NaN;1.0;0.90625;NaN;0.22222222;NaN;0.9594595
../../../asm_examples/examples/TrafficLightYakindu/TrafficLight4/TrafficLight_4.asm;TrafficLight_4;13;11;0;17;60;evoavalla;OK;67859.0;4;14;12;108;1.0;0.90909094;NaN;0.8235294;1.0;0;0;NaN;NaN;1.0;0.3888889;NaN;0.09090909;NaN;0.98333335
../../../asm_examples/examples/landingGearSystem/LGS_EV.asm;LGS_EV;4;38;0;3;60;evoavalla;OK;68673.0;7;33;14;280;1.0;1.0;NaN;1.0;1.0;0;0;1.0;NaN;1.0;1.0;NaN;0.0;NaN;1.0
../../../asm_examples/examples/landingGearSystem/LGS_SE_v2.asm;LGS_SE_v2;4;38;0;9;66;evoavalla;OK;69548.0;7;33;29;280;1.0;1.0;NaN;0.6666667;1.0;0;0;1.0;NaN;1.0;0.5;NaN;0.0;NaN;1.0
../../../asm_examples/examples/landingGearSystem/LGS_GM.asm;LGS_GM;4;15;0;3;22;evoavalla;OK;67227.0;6;36;13;84;1.0;1.0;NaN;1.0;1.0;0;0;1.0;NaN;1.0;1.0;NaN;NaN;NaN;1.0
../../../asm_examples/PHD/phd_master_flat2_v1.asm;phd_master_flat2_v1;4;52;0;3;85;evoavalla;OK;69485.0;24;52;51;128;1.0;0.78846157;NaN;1.0;1.0;0;0;1.0;NaN;1.0;1.0;NaN;0.037037037;NaN;875
../../../asm_examples/stereoacuity/certifierGround.asm;certifierGround;12;12;0;7;36;evoavalla;OK;67137.0;4;13;5;70;1.0;0.9166667;NaN;1.0;1.0;0;0;NaN;NaN;1.0;1.0;NaN;0.0;NaN;0.9722222
../../../asm_examples/examples/traffic_light/oneWayTrafficLightUsingEnumFlat.asm;oneWayTrafficLightUsingEnumFlat;5;12;0;8;29;evoavalla;OK;66487.0;2;5;4;35;1.0;1.0;NaN;0.8125;1.0;0;0;NaN;NaN;1.0;625;NaN;0.0;NaN;1.0
../../../asm_examples/stereoacuity/certifierRaff5.asm;certifierRaff5;14;20;0;11;53;evoavalla;OK;67974.0;4;17;4;149;1.0;0.75;NaN;1.0;1.0;0;0;NaN;NaN;1.0;1.0;NaN;0.0;NaN;0.90384614
../../../asm_examples/examples/hemodialysisDevice/ABZ2016/Hemodialysis_GM.asm;Hemodialysis_GM;5;2;0;3;11;evoavalla;OK;65449.0;1;3;0;4;1.0;1.0;NaN;1.0;1.0;0;0;NaN;NaN;0.6666667;0.6666667;NaN;1.0;NaN;0.8
../../../asm_examples/examples/parkingSimple.asm;parkingSimple;1;2;0;2;4;evoavalla;OK;65791.0;2;3;4;0;1.0;1.0;NaN;1.0;1.0;0;0;NaN;NaN;0.5;0.33333334;NaN;NaN;NaN;0.0
../../../asm_examples/unibgstudents/Prova.asm;Prova;3;2;0;4;9;evoavalla;OK;65786.0;2;3;2;5;1.0;1.0;NaN;875;1.0;0;0;NaN;NaN;1.0;0.75;NaN;1.0;NaN;1.0
../../../asm_examples/examples/simple_example/AdvancedClock.asm;AdvancedClock;2;3;0;2;8;evoavalla;OK;65957.0;1;1;0;0;0.5;0.33333334;NaN;0.25;375;0;0;NaN;NaN;0.0;0.0;NaN;0.0;NaN;0.0
../../../asm_examples/examples/TrafficLightYakindu/TrafficLight2/TrafficLight_2.asm;TrafficLight_2;14;23;0;23;76;evoavalla;OK;69308.0;4;14;12;108;1.0;0.95652175;NaN;0.7826087;1.0;0;0;NaN;NaN;1.0;0.29166666;NaN;0.0625;NaN;0.9868421
../../../asm_examples/PHD/phd_master_flat2_v6.asm;phd_master_flat2_v6;6;152;0;14;253;evoavalla;OK;82524.0;69;168;169;405;1.0;0.69078946;NaN;1.0;0.94071144;0;0;0.6527778;NaN;1.0;1.0;NaN;0.0121951215;NaN;0.7798507
../../../asm_examples/examples/sensorVotingSimpleVersion.asm;sensorVotingSimpleVersion;2;5;0;4;12;evoavalla;OK;65975.0;3;3;4;0;1.0;0.8;NaN;0.75;1.0;0;0;NaN;NaN;0.0;0.0;NaN;0.0;NaN;0.0
../../../asm_examples/stereoacuity/certifierRaff5ForSMTproof.asm;certifierRaff5ForSMTproof;15;24;0;13;61;evoavalla;OK;68273.0;4;16;7;180;0.93333334;0.5416667;NaN;0.8076923;0.8032787;0;1;1.0;NaN;1.0;0.7916667;NaN;0.14285715;NaN;0.75409836
../../../asm_examples/examples/traffic_light/oneWayTrafficLightOnlyPassed.asm;oneWayTrafficLightOnlyPassed;5;12;0;5;26;evoavalla;OK;66158.0;1;4;1;25;1.0;1.0;NaN;0.9;1.0;0;1;NaN;NaN;1.0;0.8;NaN;0.2;NaN;1.0
../../../asm_examples/stereoacuity/certifierRaff2.asm;certifierRaff2;14;18;0;10;50;atgt;OK;152.0;6;28;23;85;1.0;0.9444444;NaN;0.95;0.98;0;0;NaN;NaN;1.0;0.9;NaN;0.0;NaN;0.93877554
../../../asm_examples/examples/traffic_light/oneWayTrafficLightUsingEnum.asm;oneWayTrafficLightUsingEnum;5;12;0;8;29;atgt;OK;236.0;10;38;38;128;1.0;1.0;NaN;1.0;1.0;0;0;NaN;NaN;1.0;0.5;NaN;0.0;NaN;1.0
../../../asm_examples/stereoacuity/certifierRaff3.asm;certifierRaff3;14;20;0;11;53;atgt;OK;201.0;7;39;34;118;1.0;0.95;NaN;0.95454544;0.9811321;0;0;NaN;NaN;1.0;0.90909094;NaN;0.0;NaN;0.9423077
../../../asm_examples/PHD/phd_master_flat2_v3.asm;phd_master_flat2_v3;66;148;0;69;348;atgt;OK;5065.0;103;308;308;689;1.0;0.7905405;NaN;0.98550725;1.0;0;0;NaN;NaN;1.0;0.942029;NaN;0.015151516;NaN;0.8936782
../../../asm_examples/PillBox/Level0/pillbox_0.asm;pillbox_0;9;18;0;15;53;atgt;OK;204.0;9;35;89;79;1.0;1.0;NaN;1.0;1.0;0;0;NaN;NaN;1.0;0.8947368;NaN;125;NaN;0.88461536
../../../asm_examples/PHD/phd_master_flat2_v7.asm;phd_master_flat2_v7;7;184;0;18;307;atgt;OK;8755.0;138;523;562;789;1.0;0.79347825;NaN;1.0;0.990228;0;0;0.6511628;NaN;1.0;1.0;NaN;0.01010101;NaN;0.85846156
../../../asm_examples/stereoacuity/certifier_nochoose.asm;certifier_nochoose;16;24;0;15;66;atgt;OK;1676.0;5;25;44;95;1.0;875;NaN;0.93333334;0.90909094;18;0;NaN;NaN;0.8666667;0.6333333;NaN;125;NaN;0.73846155
../../../asm_examples/examples/carController.asm;carController;1;5;0;2;7;atgt;OK;45.0;3;12;23;9;1.0;1.0;NaN;1.0;1.0;0;0;0.75;NaN;1.0;1.0;NaN;NaN;NaN;0.8888889
../../../asm_examples/examples/TrafficLightYakindu/TrafficLight0/TrafficLight_0.asm;TrafficLight_0;7;10;0;7;33;atgt;OK;64.0;3;13;13;30;1.0;1.0;NaN;1.0;1.0;0;0;NaN;NaN;0.85714287;0.2857143;NaN;0.0;NaN;1.0
../../../asm_examples/examples/TrafficLightYakindu/TrafficLight1/TrafficLight_1.asm;TrafficLight_1;11;17;0;15;56;atgt;OK;232.0;10;33;38;81;1.0;1.0;NaN;0.93333334;1.0;0;0;NaN;NaN;0.93333334;0.25;NaN;0.0;NaN;1.0
../../../asm_examples/examples/landingGearSystem/LGS_GM_withError.asm;LGS_GM_withError;4;15;0;3;22;atgt;OK;411.0;12;77;77;77;1.0;1.0;NaN;1.0;1.0;0;0;0.88235295;NaN;1.0;1.0;NaN;NaN;NaN;0.9259259
../../../asm_examples/examples/hemodialysisDevice/SCP2017/HemodialysisGround.asm;HemodialysisGround;5;2;0;3;11;atgt;OK;23.0;2;5;0;5;1.0;1.0;NaN;1.0;1.0;0;0;NaN;NaN;0.6666667;0.6666667;NaN;1.0;NaN;0.8
../../../asm_examples/PHD/phd_master_flat2_v0.asm;phd_master_flat2_v0;27;52;0;26;131;atgt;OK;948.0;33;95;95;156;1.0;0.78846157;NaN;1.0;1.0;0;0;NaN;NaN;1.0;1.0;NaN;0.037037037;NaN;0.8396947
../../../asm_examples/examples/simple_example/AdvancedClockDeciSecond.asm;AdvancedClockDeciSecond;2;4;0;3;11;atgt;OK;390812.0;2;36003;0;39670;1.0;1.0;NaN;1.0;1.0;0;0;NaN;NaN;1.0;1.0;NaN;0.0;NaN;1.0
../../../asm_examples/examples/landingGearSystem/LGS_EV_v2.asm;LGS_EV_v2;4;38;0;3;60;atgt;OK;481.0;12;75;75;284;1.0;1.0;NaN;1.0;1.0;0;0;0.88235295;NaN;1.0;1.0;NaN;0.0;NaN;0.8923077
../../../asm_examples/examples/landingGearSystem/LGS_SE.asm;LGS_SE;4;38;0;9;66;atgt;OK;765.0;19;119;166;426;1.0;1.0;NaN;1.0;1.0;0;0;0.88235295;NaN;1.0;0.5;NaN;0.0;NaN;0.90140843
../../../asm_examples/PHD/phd_master_flat2_v2.asm;phd_master_flat2_v2;64;144;0;67;338;atgt;OK;4464.0;99;302;302;677;1.0;0.7986111;NaN;0.98507464;1.0;0;0;NaN;NaN;1.0;0.9402985;NaN;0.015625;NaN;0.8964497
../../../asm_examples/examples/simple_example/AdvancedClock2.asm;AdvancedClock2;2;3;0;3;9;atgt;OK;21.0;1;11;11;16;1.0;1.0;NaN;1.0;1.0;0;0;NaN;NaN;1.0;1.0;NaN;0.0;NaN;1.0
../../../asm_examples/stereoacuity/certifierRaff1.asm;certifierRaff1;13;15;0;9;43;atgt;OK;120.0;5;19;14;57;1.0;0.93333334;NaN;0.9444444;0.9767442;0;0;NaN;NaN;1.0;0.8888889;NaN;0.0;NaN;0.9302326
../../../asm_examples/examples/TrafficLightYakindu/TrafficLight3/TrafficLight_3.asm;TrafficLight_3;14;35;0;23;88;atgt;OK;555.0;17;60;76;221;1.0;1.0;NaN;0.9130435;1.0;0;0;NaN;NaN;0.95652175;0.25;NaN;0.0;NaN;1.0
../../../asm_examples/examples/TrafficLightYakindu/TrafficLight_NOREF/TrafficLight_4.asm;TrafficLight_4;10;25;0;18;80;atgt;OK;239.0;4;23;69;90;1.0;0.92;NaN;0.8055556;975;0;0;NaN;NaN;1.0;0.6111111;NaN;0.0;NaN;0.9
../../../asm_examples/examples/traffic_light/oneWayTrafficLightOnlyPassedFlat.asm;oneWayTrafficLightOnlyPassedFlat;5;12;0;5;26;atgt;OK;159.0;9;39;39;108;1.0;1.0;NaN;1.0;1.0;0;0;NaN;NaN;1.0;1.0;NaN;0.2;NaN;1.0
../../../asm_examples/stereoacuity/certifier_nochoose_noundef.asm;certifier_nochoose_noundef;17;28;0;17;74;atgt;OK;2467.0;26;144;270;517;1.0;1.0;NaN;0.9411765;1.0;0;0;1.0;NaN;0.88235295;0.84375;NaN;0.22222222;NaN;0.9324324
../../../asm_examples/examples/TrafficLightYakindu/TrafficLight4/TrafficLight_4.asm;TrafficLight_4;13;11;0;17;60;atgt;OK;310.0;9;60;76;221;1.0;1.0;NaN;1.0;1.0;0;0;NaN;NaN;1.0;0.3888889;NaN;0.0;NaN;1.0
../../../asm_examples/examples/landingGearSystem/LGS_EV.asm;LGS_EV;4;38;0;3;60;atgt;OK;737.0;12;75;75;284;1.0;1.0;NaN;1.0;1.0;0;0;0.88235295;NaN;1.0;1.0;NaN;0.0;NaN;0.8923077
../../../asm_examples/examples/landingGearSystem/LGS_SE_v2.asm;LGS_SE_v2;4;38;0;9;66;atgt;OK;789.0;19;119;166;426;1.0;1.0;NaN;1.0;1.0;0;0;0.88235295;NaN;1.0;0.5;NaN;0.0;NaN;0.90140843
../../../asm_examples/examples/landingGearSystem/LGS_GM.asm;LGS_GM;4;15;0;3;22;atgt;OK;325.0;12;75;75;75;1.0;1.0;NaN;1.0;1.0;0;0;0.88235295;NaN;1.0;1.0;NaN;NaN;NaN;0.9259259
../../../asm_examples/PHD/phd_master_flat2_v1.asm;phd_master_flat2_v1;4;52;0;3;85;atgt;OK;955.0;34;98;98;162;1.0;0.78846157;NaN;1.0;1.0;0;0;1.0;NaN;1.0;1.0;NaN;0.037037037;NaN;875
../../../asm_examples/stereoacuity/certifierGround.asm;certifierGround;12;12;0;7;36;atgt;OK;46.0;3;10;6;28;1.0;0.9166667;NaN;0.85714287;0.9444444;0;0;NaN;NaN;1.0;0.78571427;NaN;0.0;NaN;0.9166667
../../../asm_examples/examples/traffic_light/oneWayTrafficLightUsingEnumFlat.asm;oneWayTrafficLightUsingEnumFlat;5;12;0;8;29;atgt;OK;263.0;12;46;46;150;1.0;1.0;NaN;1.0;1.0;0;0;NaN;NaN;1.0;0.5;NaN;0.0;NaN;1.0
../../../asm_examples/stereoacuity/certifierRaff5.asm;certifierRaff5;14;20;0;11;53;atgt;OK;194.0;2;7;7;26;1.0;0.85;NaN;0.95454544;0.9811321;4;0;NaN;NaN;0.8181818;0.59090906;NaN;0.0;NaN;0.59615386
../../../asm_examples/examples/hemodialysisDevice/ABZ2016/Hemodialysis_GM.asm;Hemodialysis_GM;5;2;0;3;11;atgt;OK;33.0;2;5;0;5;1.0;1.0;NaN;1.0;1.0;0;0;NaN;NaN;0.6666667;0.6666667;NaN;1.0;NaN;0.8
../../../asm_examples/examples/parkingSimple.asm;parkingSimple;1;2;0;2;4;atgt;OK;18.0;1;4;7;3;1.0;1.0;NaN;1.0;1.0;0;0;NaN;NaN;0.5;1.0;NaN;NaN;NaN;1.0
../../../asm_examples/unibgstudents/Prova.asm;Prova;3;2;0;4;9;atgt;OK;33.0;2;7;7;5;1.0;1.0;NaN;1.0;1.0;0;0;NaN;NaN;1.0;0.75;NaN;1.0;NaN;1.0
../../../asm_examples/examples/simple_example/AdvancedClock.asm;AdvancedClock;2;3;0;2;8;atgt;OK;15774.0;2;3603;0;3668;1.0;1.0;NaN;1.0;1.0;0;0;NaN;NaN;1.0;1.0;NaN;0.0;NaN;1.0
../../../asm_examples/examples/TrafficLightYakindu/TrafficLight2/TrafficLight_2.asm;TrafficLight_2;14;23;0;23;76;atgt;OK;469.0;17;60;76;141;1.0;1.0;NaN;0.9130435;1.0;0;0;NaN;NaN;0.95652175;0.25;NaN;0.0;NaN;1.0
../../../asm_examples/PHD/phd_master_flat2_v6.asm;phd_master_flat2_v6;6;152;0;14;253;atgt;OK;5395.0;104;316;334;522;1.0;0.78289473;NaN;1.0;0.9881423;0;0;625;NaN;1.0;1.0;NaN;0.0121951215;NaN;0.82835823
../../../asm_examples/examples/sensorVotingSimpleVersion.asm;sensorVotingSimpleVersion;2;5;0;4;12;atgt;OK;93.0;5;23;66;37;1.0;1.0;NaN;1.0;1.0;0;0;NaN;NaN;1.0;1.0;NaN;0.0;NaN;1.0
../../../asm_examples/stereoacuity/certifierRaff5ForSMTproof.asm;certifierRaff5ForSMTproof;15;24;0;13;61;atgt;OK;617.0;11;51;81;181;1.0;0.9166667;NaN;0.96153843;0.9836066;0;0;1.0;NaN;1.0;0.8333333;NaN;0.14285715;NaN;0.93442625
../../../asm_examples/examples/traffic_light/oneWayTrafficLightOnlyPassed.asm;oneWayTrafficLightOnlyPassed;5;12;0;5;26;atgt;OK;201.0;10;43;43;119;1.0;1.0;NaN;1.0;1.0;0;0;NaN;NaN;1.0;1.0;NaN;0.2;NaN;1.0
../../../asm_examples/stereoacuity/certifierRaff2.asm;certifierRaff2;14;18;0;10;50;random4ea;OK;21.0;5;17;14;106;0.9285714;0.7222222;NaN;0.75;0.84;0;0;NaN;NaN;1.0;0.75;NaN;0.0;NaN;0.81632656
../../../asm_examples/examples/traffic_light/oneWayTrafficLightUsingEnum.asm;oneWayTrafficLightUsingEnum;5;12;0;8;29;random4ea;OK;3.0;2;5;5;11;1.0;0.25;NaN;0.5625;0.51724136;0;0;NaN;NaN;625;0.5;NaN;0.0;NaN;0.27586207
../../../asm_examples/stereoacuity/certifierRaff3.asm;certifierRaff3;14;20;0;11;53;random4ea;OK;10.0;4;17;13;119;1.0;0.65;NaN;0.77272725;0.8679245;0;0;NaN;NaN;1.0;0.77272725;NaN;0.0;NaN;0.8076923
../../../asm_examples/PHD/phd_master_flat2_v3.asm;phd_master_flat2_v3;66;148;0;69;348;random4ea;OK;104.0;49;105;105;245;1.0;0.11486486;NaN;0.57246375;0.50287354;0;0;NaN;NaN;0.942029;0.942029;NaN;0.0;NaN;0.1724138
../../../asm_examples/PillBox/Level0/pillbox_0.asm;pillbox_0;9;18;0;15;53;random4ea;OK;5.0;5;15;41;53;0.6666667;0.6111111;NaN;0.8;0.7169811;0;0;NaN;NaN;0.93333334;0.68421054;NaN;125;NaN;0.63461536
../../../asm_examples/PHD/phd_master_flat2_v7.asm;phd_master_flat2_v7;7;184;0;18;307;random4ea;OK;37.0;59;174;174;407;0.42857143;0.097826086;NaN;0.22222222;0.17263843;0;0;0.13953489;NaN;0.33333334;0.2;NaN;0.01010101;NaN;0.13538462
../../../asm_examples/stereoacuity/certifier_nochoose.asm;certifier_nochoose;16;24;0;15;66;random4ea;OK;7.0;8;32;25;181;0.5625;0.20833333;NaN;0.43333334;0.42424244;0;0;NaN;NaN;0.6;0.4;NaN;0.0;NaN;0.4
../../../asm_examples/examples/carController.asm;carController;1;5;0;2;7;random4ea;OK;0.0;1;1;1;1;1.0;0.0;NaN;0.25;0.2857143;0;0;0.0;NaN;0.5;0.25;NaN;NaN;NaN;0.0
../../../asm_examples/examples/TrafficLightYakindu/TrafficLight0/TrafficLight_0.asm;TrafficLight_0;7;10;0;7;33;random4ea;OK;1.0;3;6;6;15;0.85714287;0.6;NaN;0.78571427;0.72727275;0;0;NaN;NaN;0.85714287;0.71428573;NaN;0.0;NaN;0.6060606
../../../asm_examples/examples/TrafficLightYakindu/TrafficLight1/TrafficLight_1.asm;TrafficLight_1;11;17;0;15;56;random4ea;OK;1.0;4;11;11;21;0.36363637;0.1764706;NaN;0.3;0.2857143;0;0;NaN;NaN;0.33333334;0.25;NaN;0.0;NaN;0.17857143
../../../asm_examples/examples/landingGearSystem/LGS_GM_withError.asm;LGS_GM_withError;4;15;0;3;22;random4ea;OK;15.0;6;30;30;72;1.0;0.26666668;NaN;0.6666667;0.45454547;0;0;0.23529412;NaN;1.0;0.6666667;NaN;NaN;NaN;0.44444445
../../../asm_examples/examples/hemodialysisDevice/SCP2017/HemodialysisGround.asm;HemodialysisGround;5;2;0;3;11;random4ea;OK;0.0;1;3;0;4;1.0;1.0;NaN;1.0;1.0;0;0;NaN;NaN;0.6666667;0.6666667;NaN;1.0;NaN;0.8
../../../asm_examples/PHD/phd_master_flat2_v0.asm;phd_master_flat2_v0;27;52;0;26;131;random4ea;OK;27.0;24;52;52;107;1.0;0.15384616;NaN;0.63461536;0.5648855;0;0;NaN;NaN;1.0;1.0;NaN;0.0;NaN;0.22900763
../../../asm_examples/examples/simple_example/AdvancedClockDeciSecond.asm;AdvancedClockDeciSecond;2;4;0;3;11;random4ea;OK;0.0;1;10;0;13;0.5;0.5;NaN;0.5;0.54545456;0;0;NaN;NaN;0.33333334;0.33333334;NaN;0.0;NaN;0.45454547
../../../asm_examples/examples/landingGearSystem/LGS_EV_v2.asm;LGS_EV_v2;4;38;0;3;60;random4ea;OK;21.0;7;33;33;142;1.0;0.6052632;NaN;0.8333333;0.6333333;0;0;0.64705884;NaN;1.0;0.8333333;NaN;0.0;NaN;0.6615385
../../../asm_examples/examples/landingGearSystem/LGS_SE.asm;LGS_SE;4;38;0;9;66;random4ea;OK;8.0;7;33;44;154;1.0;0.31578946;NaN;0.3888889;0.36363637;0;0;0.23529412;NaN;0.5555556;0.5;NaN;0.0;NaN;0.35211268
../../../asm_examples/PHD/phd_master_flat2_v2.asm;phd_master_flat2_v2;64;144;0;67;338;random4ea;OK;72.0;49;110;110;244;1.0;0.1388889;NaN;0.57462686;0.50591713;0;0;NaN;NaN;0.9402985;0.9402985;NaN;0.015625;NaN;0.18639053
../../../asm_examples/examples/simple_example/AdvancedClock2.asm;AdvancedClock2;2;3;0;3;9;random4ea;OK;0.0;2;10;10;3;0.5;0.33333334;NaN;0.5;0.44444445;0;0;NaN;NaN;0.33333334;0.33333334;NaN;0.0;NaN;0.33333334
../../../asm_examples/stereoacuity/certifierRaff1.asm;certifierRaff1;13;15;0;9;43;random4ea;OK;1.0;5;15;6;82;0.84615386;0.46666667;NaN;0.7222222;0.7209302;0;0;NaN;NaN;1.0;0.6666667;NaN;0.0;NaN;0.6744186
../../../asm_examples/examples/TrafficLightYakindu/TrafficLight3/TrafficLight_3.asm;TrafficLight_3;14;35;0;23;88;random4ea;OK;0.0;4;14;14;30;0.2857143;0.14285715;NaN;0.19565217;0.20454545;0;0;NaN;NaN;0.26086956;0.20833333;NaN;0.0;NaN;0.13636364
../../../asm_examples/examples/TrafficLightYakindu/TrafficLight4_NOREF/TrafficLight_4.asm;TrafficLight_4;13;11;0;17;60;random4ea;OK;0.0;1;1;1;6;0.30769232;0.45454547;NaN;0.11764706;0.28333333;0;0;NaN;NaN;0.1764706;0.11111111;NaN;0.0;NaN;0.23333333
../../../asm_examples/examples/TrafficLightYakindu/TrafficLight4/TrafficLight_4.asm;TrafficLight_4;13;11;0;17;60;random4ea;OK;4.0;4;14;14;49;0.46153846;0.54545456;NaN;0.44117647;0.53333336;0;0;NaN;NaN;0.3529412;0.33333334;NaN;0.0;NaN;0.3
../../../asm_examples/examples/traffic_light/oneWayTrafficLightOnlyPassedFlat.asm;oneWayTrafficLightOnlyPassedFlat;5;12;0;5;26;random4ea;OK;1.0;1;4;4;15;0.8;0.75;NaN;0.9;0.8076923;0;0;NaN;NaN;1.0;1.0;NaN;0.0;NaN;0.7692308
../../../asm_examples/stereoacuity/certifier_nochoose_noundef.asm;certifier_nochoose_noundef;17;28;0;17;74;random4ea;OK;3.0;11;35;32;243;0.5882353;0.32142857;NaN;0.44117647;0.4864865;0;0;1.0;NaN;0.64705884;375;NaN;0.0;NaN;0.47297296
../../../asm_examples/examples/landingGearSystem/LGS_EV.asm;LGS_EV;4;38;0;3;60;random4ea;OK;9.0;7;33;33;158;1.0;0.57894737;NaN;0.8333333;0.6166667;0;0;0.64705884;NaN;1.0;0.8333333;NaN;0.0;NaN;0.64615387
../../../asm_examples/examples/landingGearSystem/LGS_SE_v2.asm;LGS_SE_v2;4;38;0;9;66;random4ea;OK;17.0;7;33;46;138;1.0;0.6052632;NaN;0.6111111;0.6363636;0;0;0.64705884;NaN;0.7777778;0.5833333;NaN;0.0;NaN;0.6619718
../../../asm_examples/examples/landingGearSystem/LGS_GM.asm;LGS_GM;4;15;0;3;22;random4ea;OK;9.0;6;36;36;84;1.0;0.73333335;NaN;0.8333333;0.77272725;0;0;0.7647059;NaN;1.0;0.8333333;NaN;NaN;NaN;0.8148148
../../../asm_examples/PHD/phd_master_flat2_v1.asm;phd_master_flat2_v1;4;52;0;3;85;random4ea;OK;4.0;24;52;52;120;0.75;0.15384616;NaN;0.8333333;0.31764707;0;0;0.26923078;NaN;1.0;0.6666667;NaN;0.0;NaN;0.2159091
../../../asm_examples/stereoacuity/certifierGround.asm;certifierGround;12;12;0;7;36;random4ea;OK;4.0;4;13;5;85;0.6666667;0.33333334;NaN;0.5714286;0.5555556;0;0;NaN;NaN;0.85714287;0.5714286;NaN;0.0;NaN;0.5277778
../../../asm_examples/examples/traffic_light/oneWayTrafficLightUsingEnumFlat.asm;oneWayTrafficLightUsingEnumFlat;5;12;0;8;29;random4ea;OK;0.0;2;5;5;7;0.4;0.0;NaN;0.3125;0.2413793;0;0;NaN;NaN;0.25;0.25;NaN;0.0;NaN;0.0
../../../asm_examples/stereoacuity/certifierRaff5.asm;certifierRaff5;14;20;0;11;53;random4ea;OK;1.0;4;17;15;75;0.64285713;0.3;NaN;0.54545456;0.509434;0;0;NaN;NaN;0.72727275;0.5;NaN;0.0;NaN;0.48076922
../../../asm_examples/examples/hemodialysisDevice/ABZ2016/Hemodialysis_GM.asm;Hemodialysis_GM;5;2;0;3;11;random4ea;OK;0.0;1;3;0;4;1.0;1.0;NaN;1.0;1.0;0;0;NaN;NaN;0.6666667;0.6666667;NaN;1.0;NaN;0.8
../../../asm_examples/examples/parkingSimple.asm;parkingSimple;1;2;0;2;4;random4ea;OK;0.0;2;3;6;5;1.0;0.5;NaN;0.75;0.75;0;0;NaN;NaN;1.0;0.6666667;NaN;NaN;NaN;0.75
../../../asm_examples/unibgstudents/Prova.asm;Prova;3;2;0;4;9;random4ea;OK;0.0;2;3;3;5;1.0;1.0;NaN;0.75;1.0;0;0;NaN;NaN;1.0;0.5;NaN;1.0;NaN;1.0
../../../asm_examples/examples/simple_example/AdvancedClock.asm;AdvancedClock;2;3;0;2;8;random4ea;OK;0.0;1;1;0;2;0.5;0.33333334;NaN;0.25;375;0;0;NaN;NaN;0.0;0.0;NaN;0.0;NaN;0.25
../../../asm_examples/examples/TrafficLightYakindu/TrafficLight2/TrafficLight_2.asm;TrafficLight_2;14;23;0;23;76;random4ea;OK;0.0;4;14;14;29;0.35714287;0.26086956;NaN;0.2173913;0.3026316;0;0;NaN;NaN;0.26086956;0.20833333;NaN;0.0;NaN;0.2631579
../../../asm_examples/PHD/phd_master_flat2_v6.asm;phd_master_flat2_v6;6;152;0;14;253;random4ea;OK;16.0;69;168;170;405;0.6666667;0.1513158;NaN;0.32142857;0.25296444;0;0;0.16666667;NaN;0.42857143;0.26086956;NaN;0.0121951215;NaN;0.22014925
../../../asm_examples/examples/sensorVotingSimpleVersion.asm;sensorVotingSimpleVersion;2;5;0;4;12;random4ea;OK;0.0;3;3;9;9;1.0;0.0;NaN;375;0.5;0;0;NaN;NaN;0.5;0.33333334;NaN;0.0;NaN;0.0
../../../asm_examples/stereoacuity/certifierRaff5ForSMTproof.asm;certifierRaff5ForSMTproof;15;24;0;13;61;random4ea;OK;1.0;4;16;19;87;0.6666667;0.41666666;NaN;0.61538464;0.57377046;0;0;1.0;NaN;0.7692308;0.5416667;NaN;0.14285715;NaN;0.55737704
../../../asm_examples/examples/traffic_light/oneWayTrafficLightOnlyPassed.asm;oneWayTrafficLightOnlyPassed;5;12;0;5;26;random4ea;OK;0.0;1;4;4;17;1.0;1.0;NaN;0.9;1.0;0;0;NaN;NaN;1.0;0.8;NaN;0.2;NaN;1.0
../../../asm_examples/stereoacuity/certifierRaff2.asm;certifierRaff2;14;18;0;10;50;random4atgt;OK;100.0;6;28;16;173;1.0;0.9444444;NaN;0.95;0.98;0;0;NaN;NaN;1.0;0.95;NaN;0.0;NaN;0.9591837
../../../asm_examples/examples/traffic_light/oneWayTrafficLightUsingEnum.asm;oneWayTrafficLightUsingEnum;5;12;0;8;29;random4atgt;OK;40.0;10;38;38;86;1.0;0.75;NaN;0.8125;0.82758623;0;0;NaN;NaN;875;875;NaN;0.0;NaN;0.7586207
../../../asm_examples/stereoacuity/certifierRaff3.asm;certifierRaff3;14;20;0;11;53;random4atgt;OK;25.0;7;39;17;252;0.85714287;0.5;NaN;0.6818182;0.6981132;0;0;NaN;NaN;0.90909094;0.6818182;NaN;0.0;NaN;0.6730769
../../../asm_examples/PHD/phd_master_flat2_v3.asm;phd_master_flat2_v3;66;148;0;69;348;random4atgt;OK;690.0;103;308;343;702;1.0;0.2837838;NaN;0.71014494;0.65804595;0;0;NaN;NaN;0.9710145;0.942029;NaN;0.015151516;NaN;0.37068966
../../../asm_examples/PillBox/Level0/pillbox_0.asm;pillbox_0;9;18;0;15;53;random4atgt;OK;12.0;9;35;88;126;1.0;1.0;NaN;1.0;1.0;0;0;NaN;NaN;1.0;0.94736844;NaN;125;NaN;0.9230769
../../../asm_examples/PHD/phd_master_flat2_v7.asm;phd_master_flat2_v7;7;184;0;18;307;random4atgt;OK;128.0;138;523;560;1184;0.71428573;0.17391305;NaN;0.2777778;0.25081432;0;0;0.18604651;NaN;0.33333334;0.2;NaN;0.01010101;NaN;0.2276923
../../../asm_examples/stereoacuity/certifier_nochoose.asm;certifier_nochoose;16;24;0;15;66;random4atgt;OK;7.0;5;25;20;126;875;0.5416667;NaN;0.6666667;0.75757575;0;0;NaN;NaN;0.8666667;0.6333333;NaN;125;NaN;0.7076923
../../../asm_examples/examples/carController.asm;carController;1;5;0;2;7;random4atgt;OK;1.0;3;12;16;14;1.0;0.2;NaN;1.0;0.5714286;0;0;0.25;NaN;1.0;1.0;NaN;NaN;NaN;0.44444445
../../../asm_examples/examples/TrafficLightYakindu/TrafficLight0/TrafficLight_0.asm;TrafficLight_0;7;10;0;7;33;random4atgt;OK;1.0;3;13;13;26;0.85714287;0.7;NaN;0.9285714;0.8181818;0;0;NaN;NaN;1.0;0.85714287;NaN;0.0;NaN;0.7878788
../../../asm_examples/examples/TrafficLightYakindu/TrafficLight1/TrafficLight_1.asm;TrafficLight_1;11;17;0;15;56;random4atgt;OK;4.0;10;33;37;74;0.45454547;0.3529412;NaN;0.33333334;0.4107143;0;0;NaN;NaN;0.4;0.3125;NaN;0.0;NaN;0.35714287
../../../asm_examples/examples/landingGearSystem/LGS_GM_withError.asm;LGS_GM_withError;4;15;0;3;22;random4atgt;OK;59.0;12;77;77;178;1.0;0.73333335;NaN;0.8333333;0.77272725;0;0;0.7647059;NaN;1.0;0.8333333;NaN;NaN;NaN;0.8148148
../../../asm_examples/examples/hemodialysisDevice/SCP2017/HemodialysisGround.asm;HemodialysisGround;5;2;0;3;11;random4atgt;OK;0.0;2;5;0;7;1.0;1.0;NaN;1.0;1.0;0;0;NaN;NaN;0.6666667;0.6666667;NaN;1.0;NaN;0.8
../../../asm_examples/PHD/phd_master_flat2_v0.asm;phd_master_flat2_v0;27;52;0;26;131;random4atgt;OK;54.0;33;95;106;200;1.0;0.1923077;NaN;0.65384614;0.58778626;0;0;NaN;NaN;1.0;1.0;NaN;0.0;NaN;0.26717559
../../../asm_examples/examples/simple_example/AdvancedClockDeciSecond.asm;AdvancedClockDeciSecond;2;4;0;3;11;random4atgt;OK;1773.0;2;36003;0;107404;1.0;1.0;NaN;1.0;1.0;0;0;NaN;NaN;1.0;1.0;NaN;0.0;NaN;1.0
../../../asm_examples/examples/landingGearSystem/LGS_EV_v2.asm;LGS_EV_v2;4;38;0;3;60;random4atgt;OK;60.0;12;75;75;373;1.0;0.68421054;NaN;0.8333333;0.7;0;0;0.7058824;NaN;1.0;0.8333333;NaN;0.0;NaN;0.72307694
../../../asm_examples/examples/landingGearSystem/LGS_SE.asm;LGS_SE;4;38;0;9;66;random4atgt;OK;34.0;19;119;163;538;1.0;0.47368422;NaN;0.6111111;0.530303;0;0;0.47058824;NaN;0.7777778;0.6666667;NaN;0.0;NaN;0.52112675
../../../asm_examples/PHD/phd_master_flat2_v2.asm;phd_master_flat2_v2;64;144;0;67;338;random4atgt;OK;209.0;99;302;335;714;1.0;0.25694445;NaN;0.67164177;0.6213018;0;0;NaN;NaN;0.9402985;0.9402985;NaN;0.015625;NaN;0.35207102
../../../asm_examples/examples/simple_example/AdvancedClock2.asm;AdvancedClock2;2;3;0;3;9;random4atgt;OK;0.0;1;11;11;18;1.0;0.6666667;NaN;0.8333333;0.8888889;0;0;NaN;NaN;0.6666667;0.6666667;NaN;0.0;NaN;0.7777778
../../../asm_examples/stereoacuity/certifierRaff1.asm;certifierRaff1;13;15;0;9;43;random4atgt;OK;2.0;5;19;10;106;0.84615386;0.53333336;NaN;0.7222222;0.7209302;0;0;NaN;NaN;1.0;0.6666667;NaN;0.0;NaN;0.6976744
../../../asm_examples/examples/TrafficLightYakindu/TrafficLight3/TrafficLight_3.asm;TrafficLight_3;14;35;0;23;88;random4atgt;OK;4.0;17;60;68;229;0.64285713;0.45714286;NaN;0.45652175;0.5681818;0;0;NaN;NaN;0.3478261;375;NaN;0.0;NaN;0.4431818
../../../asm_examples/examples/TrafficLightYakindu/TrafficLight4_NOREF/TrafficLight_4.asm;TrafficLight_4;13;11;0;17;60;random4atgt;OK;10.0;4;23;25;74;0.61538464;0.72727275;NaN;0.5588235;0.68333334;0;0;NaN;NaN;0.5294118;0.3888889;NaN;0.0;NaN;0.55
../../../asm_examples/examples/TrafficLightYakindu/TrafficLight4/TrafficLight_4.asm;TrafficLight_4;13;11;0;17;60;random4atgt;OK;17.0;9;60;60;242;0.46153846;0.72727275;NaN;0.5;0.6333333;0;0;NaN;NaN;0.3529412;0.3888889;NaN;0.0;NaN;0.45
../../../asm_examples/examples/traffic_light/oneWayTrafficLightOnlyPassedFlat.asm;oneWayTrafficLightOnlyPassedFlat;5;12;0;5;26;random4atgt;OK;8.0;9;39;39;104;0.8;0.75;NaN;0.9;0.8076923;0;0;NaN;NaN;1.0;1.0;NaN;0.0;NaN;0.7692308
../../../asm_examples/stereoacuity/certifier_nochoose_noundef.asm;certifier_nochoose_noundef;17;28;0;17;74;random4atgt;OK;11.0;26;144;96;988;0.9411765;0.75;NaN;0.7352941;0.8378378;0;0;1.0;NaN;0.9411765;0.71875;NaN;0.22222222;NaN;0.8378378
../../../asm_examples/examples/landingGearSystem/LGS_EV.asm;LGS_EV;4;38;0;3;60;random4atgt;OK;24.0;12;75;75;384;1.0;0.7631579;NaN;1.0;0.78333336;0;0;0.7647059;NaN;1.0;1.0;NaN;0.0;NaN;0.8
../../../asm_examples/examples/landingGearSystem/LGS_SE_v2.asm;LGS_SE_v2;4;38;0;9;66;random4atgt;OK;91.0;19;119;174;572;1.0;0.6315789;NaN;0.6666667;0.6515151;0;0;0.64705884;NaN;0.7777778;0.75;NaN;0.0;NaN;0.6619718
../../../asm_examples/examples/landingGearSystem/LGS_GM.asm;LGS_GM;4;15;0;3;22;random4atgt;OK;18.0;12;75;75;174;1.0;0.8666667;NaN;1.0;0.90909094;0;0;0.88235295;NaN;1.0;1.0;NaN;NaN;NaN;0.9259259
../../../asm_examples/PHD/phd_master_flat2_v1.asm;phd_master_flat2_v1;4;52;0;3;85;random4atgt;OK;7.0;34;98;109;216;1.0;0.40384614;NaN;1.0;0.6117647;0;0;0.5769231;NaN;1.0;1.0;NaN;0.037037037;NaN;0.52272725
../../../asm_examples/stereoacuity/certifierGround.asm;certifierGround;12;12;0;7;36;random4atgt;OK;4.0;3;10;6;65;0.6666667;0.41666666;NaN;0.5714286;0.5555556;0;0;NaN;NaN;0.85714287;0.5714286;NaN;0.0;NaN;0.5555556
../../../asm_examples/examples/traffic_light/oneWayTrafficLightUsingEnumFlat.asm;oneWayTrafficLightUsingEnumFlat;5;12;0;8;29;random4atgt;OK;8.0;12;46;46;128;0.8;0.75;NaN;0.8125;0.79310346;0;0;NaN;NaN;875;875;NaN;0.0;NaN;0.7586207
../../../asm_examples/stereoacuity/certifierRaff5.asm;certifierRaff5;14;20;0;11;53;random4atgt;OK;1.0;2;7;7;45;0.78571427;0.4;NaN;0.59090906;0.6037736;0;0;NaN;NaN;0.8181818;0.59090906;NaN;0.0;NaN;0.5769231
../../../asm_examples/examples/hemodialysisDevice/ABZ2016/Hemodialysis_GM.asm;Hemodialysis_GM;5;2;0;3;11;random4atgt;OK;0.0;2;5;0;7;1.0;1.0;NaN;1.0;1.0;0;0;NaN;NaN;0.6666667;0.6666667;NaN;1.0;NaN;0.8
../../../asm_examples/examples/parkingSimple.asm;parkingSimple;1;2;0;2;4;random4atgt;OK;0.0;1;4;6;5;1.0;1.0;NaN;0.75;1.0;0;0;NaN;NaN;1.0;0.6666667;NaN;NaN;NaN;1.0
../../../asm_examples/unibgstudents/Prova.asm;Prova;3;2;0;4;9;random4atgt;OK;0.0;2;7;7;9;1.0;1.0;NaN;875;1.0;0;0;NaN;NaN;1.0;0.75;NaN;1.0;NaN;1.0
../../../asm_examples/examples/simple_example/AdvancedClock.asm;AdvancedClock;2;3;0;2;8;random4atgt;OK;277.0;2;3603;0;7151;1.0;1.0;NaN;1.0;1.0;0;0;NaN;NaN;1.0;1.0;NaN;0.0;NaN;1.0
../../../asm_examples/examples/TrafficLightYakindu/TrafficLight2/TrafficLight_2.asm;TrafficLight_2;14;23;0;23;76;random4atgt;OK;3.0;17;60;68;147;0.64285713;0.4347826;NaN;0.45652175;0.57894737;0;0;NaN;NaN;0.3478261;0.33333334;NaN;0.0;NaN;0.43421054
../../../asm_examples/PHD/phd_master_flat2_v6.asm;phd_master_flat2_v6;6;152;0;14;253;random4atgt;OK;33.0;104;316;350;736;1.0;0.25;NaN;0.42857143;0.3478261;0;0;0.25;NaN;0.5;0.3043478;NaN;0.0121951215;NaN;0.3283582
../../../asm_examples/examples/sensorVotingSimpleVersion.asm;sensorVotingSimpleVersion;2;5;0;4;12;random4atgt;OK;2.0;5;23;66;51;1.0;1.0;NaN;1.0;1.0;0;0;NaN;NaN;1.0;1.0;NaN;0.0;NaN;1.0
../../../asm_examples/stereoacuity/certifierRaff5ForSMTproof.asm;certifierRaff5ForSMTproof;15;24;0;13;61;random4atgt;OK;4.0;11;51;72;286;0.93333334;0.7083333;NaN;0.7692308;0.852459;0;0;1.0;NaN;0.9230769;0.7083333;NaN;0.14285715;NaN;0.8032787
../../../asm_examples/examples/traffic_light/oneWayTrafficLightOnlyPassed.asm;oneWayTrafficLightOnlyPassed;5;12;0;5;26;random4atgt;OK;5.0;10;43;43;111;1.0;1.0;NaN;1.0;1.0;0;0;NaN;NaN;1.0;1.0;NaN;0.2;NaN;1.0